[
  {
    "fields": {
      "place_of_publication": "Salt Lake City, Utah", 
      "publisher": "Tribune Pub. Co.", 
      "start_year": "1890", 
      "frequency_date": null, 
      "name": "The Salt Lake tribune.", 
      "created": "2016-05-02T09:35:12", 
      "end_year": "current", 
      "issn": "0746-3502", 
      "sitemap_indexed": null, 
      "uri": "http://www.loc.gov/chroniclingamerica/lccn/sn83045396/issues", 
      "edition": null, 
      "version": "2016-05-02T09:35:12", 
      "frequency": "Daily", 
      "oclc": "8086936", 
      "name_normal": "salt lake tribune.", 
      "country": "utu", 
      "has_issues": true, 
      "medium": null, 
      "lccn_orig": "sn 83045396"
    }, 
    "model": "core.title", 
    "pk": "sn83045396"
  }, 
  {
    "fields": {
      "released": null, 
      "created": "2016-05-02T09:35:11", 
      "sitemap_indexed": null, 
      "awardee": "uuml", 
      "source": null, 
      "validated_batch_file": "batch_1.xml"
    }, 
    "model": "core.batch", 
    "pk": "batch_uuml_thys_ver01"
  }, 
  {
    "fields": {
      "title": "sn83045396", 
      "date_issued": "1911-09-17", 
      "batch": "batch_uuml_thys_ver01", 
      "number": "156", 
      "volume": "83", 
      "edition": 1, 
      "created": "2016-05-02T09:35:23", 
      "edition_label": ""
    }, 
    "model": "core.issue", 
    "pk": 1
  }, 
  {
    "fields": {
      "created": "2016-05-02T09:35:23", 
      "reel": null, 
      "sequence": 1, 
      "jp2_length": 8736, 
      "number": "", 
      "tiff_filename": "sn83045396/print/1911091701/0001.tif", 
      "jp2_filename": "sn83045396/print/1911091701/0001.jp2", 
      "pdf_filename": "sn83045396/print/1911091701/0001.pdf", 
      "indexed": true, 
      "ocr_filename": "sn83045396/print/1911091701/0001.xml", 
      "issue": 1, 
      "jp2_width": 6544, 
      "section_label": ""
    }, 
    "model": "core.page", 
    "pk": 1
  }, 
  {
    "fields": {
      "created": "2016-05-02T09:35:25", 
      "reel": null, 
      "sequence": 2, 
      "jp2_length": 8663, 
      "number": "2", 
      "tiff_filename": "sn83045396/print/1911091701/0002.tif", 
      "jp2_filename": "sn83045396/print/1911091701/0002.jp2", 
      "pdf_filename": "sn83045396/print/1911091701/0002.pdf", 
      "indexed": true, 
      "ocr_filename": "sn83045396/print/1911091701/0002.xml", 
      "issue": 1, 
      "jp2_width": 6360, 
      "section_label": ""
    }, 
    "model": "core.page", 
    "pk": 2
  }, 
  {
    "fields": {
      "created": "2016-05-02T09:35:26", 
      "reel": null, 
      "sequence": 3, 
      "jp2_length": 8745, 
      "number": "3", 
      "tiff_filename": "sn83045396/print/1911091701/0003.tif", 
      "jp2_filename": "sn83045396/print/1911091701/0003.jp2", 
      "pdf_filename": "sn83045396/print/1911091701/0003.pdf", 
      "indexed": true, 
      "ocr_filename": "sn83045396/print/1911091701/0003.xml", 
      "issue": 1, 
      "jp2_width": 6488, 
      "section_label": ""
    }, 
    "model": "core.page", 
    "pk": 3
  }, 
  {
    "fields": {
      "created": "2016-05-02T09:35:27", 
      "reel": null, 
      "sequence": 4, 
      "jp2_length": 8673, 
      "number": "4", 
      "tiff_filename": "sn83045396/print/1911091701/0004.tif", 
      "jp2_filename": "sn83045396/print/1911091701/0004.jp2", 
      "pdf_filename": "sn83045396/print/1911091701/0004.pdf", 
      "indexed": true, 
      "ocr_filename": "sn83045396/print/1911091701/0004.xml", 
      "issue": 1, 
      "jp2_width": 6392, 
      "section_label": ""
    }, 
    "model": "core.page", 
    "pk": 4
  }, 
  {
    "fields": {
      "created": "2016-05-02T09:35:28", 
      "reel": null, 
      "sequence": 5, 
      "jp2_length": 8724, 
      "number": "5", 
      "tiff_filename": "sn83045396/print/1911091701/0005.tif", 
      "jp2_filename": "sn83045396/print/1911091701/0005.jp2", 
      "pdf_filename": "sn83045396/print/1911091701/0005.pdf", 
      "indexed": true, 
      "ocr_filename": "sn83045396/print/1911091701/0005.xml", 
      "issue": 1, 
      "jp2_width": 6512, 
      "section_label": ""
    }, 
    "model": "core.page", 
    "pk": 5
  }, 
  {
    "fields": {
      "created": "2016-05-02T09:35:29", 
      "reel": null, 
      "sequence": 6, 
      "jp2_length": 8649, 
      "number": "6", 
      "tiff_filename": "sn83045396/print/1911091701/0006.tif", 
      "jp2_filename": "sn83045396/print/1911091701/0006.jp2", 
      "pdf_filename": "sn83045396/print/1911091701/0006.pdf", 
      "indexed": true, 
      "ocr_filename": "sn83045396/print/1911091701/0006.xml", 
      "issue": 1, 
      "jp2_width": 6400, 
      "section_label": ""
    }, 
    "model": "core.page", 
    "pk": 6
  }, 
  {
    "fields": {
      "created": "2016-05-02T09:35:29", 
      "reel": null, 
      "sequence": 7, 
      "jp2_length": 8712, 
      "number": "7", 
      "tiff_filename": "sn83045396/print/1911091701/0007.tif", 
      "jp2_filename": "sn83045396/print/1911091701/0007.jp2", 
      "pdf_filename": "sn83045396/print/1911091701/0007.pdf", 
      "indexed": true, 
      "ocr_filename": "sn83045396/print/1911091701/0007.xml", 
      "issue": 1, 
      "jp2_width": 6508, 
      "section_label": ""
    }, 
    "model": "core.page", 
    "pk": 7
  }, 
  {
    "fields": {
      "created": "2016-05-02T09:35:29", 
      "reel": null, 
      "sequence": 8, 
      "jp2_length": 8646, 
      "number": "8", 
      "tiff_filename": "sn83045396/print/1911091701/0008.tif", 
      "jp2_filename": "sn83045396/print/1911091701/0008.jp2", 
      "pdf_filename": "sn83045396/print/1911091701/0008.pdf", 
      "indexed": true, 
      "ocr_filename": "sn83045396/print/1911091701/0008.xml", 
      "issue": 1, 
      "jp2_width": 6384, 
      "section_label": ""
    }, 
    "model": "core.page", 
    "pk": 8
  }, 
  {
    "fields": {
      "created": "2016-05-02T09:35:30", 
      "reel": null, 
      "sequence": 9, 
      "jp2_length": 8712, 
      "number": "9", 
      "tiff_filename": "sn83045396/print/1911091701/0009.tif", 
      "jp2_filename": "sn83045396/print/1911091701/0009.jp2", 
      "pdf_filename": "sn83045396/print/1911091701/0009.pdf", 
      "indexed": true, 
      "ocr_filename": "sn83045396/print/1911091701/0009.xml", 
      "issue": 1, 
      "jp2_width": 6496, 
      "section_label": ""
    }, 
    "model": "core.page", 
    "pk": 9
  }, 
  {
    "fields": {
      "created": "2016-05-02T09:35:30", 
      "reel": null, 
      "sequence": 10, 
      "jp2_length": 8667, 
      "number": "10", 
      "tiff_filename": "sn83045396/print/1911091701/0010.tif", 
      "jp2_filename": "sn83045396/print/1911091701/0010.jp2", 
      "pdf_filename": "sn83045396/print/1911091701/0010.pdf", 
      "indexed": true, 
      "ocr_filename": "sn83045396/print/1911091701/0010.xml", 
      "issue": 1, 
      "jp2_width": 6372, 
      "section_label": ""
    }, 
    "model": "core.page", 
    "pk": 10
  }, 
  {
    "fields": {
      "created": "2016-05-02T09:35:31", 
      "reel": null, 
      "sequence": 11, 
      "jp2_length": 8716, 
      "number": "11", 
      "tiff_filename": "sn83045396/print/1911091701/0011.tif", 
      "jp2_filename": "sn83045396/print/1911091701/0011.jp2", 
      "pdf_filename": "sn83045396/print/1911091701/0011.pdf", 
      "indexed": true, 
      "ocr_filename": "sn83045396/print/1911091701/0011.xml", 
      "issue": 1, 
      "jp2_width": 6472, 
      "section_label": ""
    }, 
    "model": "core.page", 
    "pk": 11
  }, 
  {
    "fields": {
      "created": "2016-05-02T09:35:31", 
      "reel": null, 
      "sequence": 12, 
      "jp2_length": 8660, 
      "number": "12", 
      "tiff_filename": "sn83045396/print/1911091701/0012.tif", 
      "jp2_filename": "sn83045396/print/1911091701/0012.jp2", 
      "pdf_filename": "sn83045396/print/1911091701/0012.pdf", 
      "indexed": true, 
      "ocr_filename": "sn83045396/print/1911091701/0012.xml", 
      "issue": 1, 
      "jp2_width": 6344, 
      "section_label": ""
    }, 
    "model": "core.page", 
    "pk": 12
  }, 
  {
    "fields": {
      "created": "2016-05-02T09:35:32", 
      "reel": null, 
      "sequence": 13, 
      "jp2_length": 8708, 
      "number": "13", 
      "tiff_filename": "sn83045396/print/1911091701/0013.tif", 
      "jp2_filename": "sn83045396/print/1911091701/0013.jp2", 
      "pdf_filename": "sn83045396/print/1911091701/0013.pdf", 
      "indexed": true, 
      "ocr_filename": "sn83045396/print/1911091701/0013.xml", 
      "issue": 1, 
      "jp2_width": 6516, 
      "section_label": ""
    }, 
    "model": "core.page", 
    "pk": 13
  }, 
  {
    "fields": {
      "created": "2016-05-02T09:35:33", 
      "reel": null, 
      "sequence": 14, 
      "jp2_length": 8680, 
      "number": "", 
      "tiff_filename": "sn83045396/print/1911091701/0014.tif", 
      "jp2_filename": "sn83045396/print/1911091701/0014.jp2", 
      "pdf_filename": "sn83045396/print/1911091701/0014.pdf", 
      "indexed": true, 
      "ocr_filename": "sn83045396/print/1911091701/0014.xml", 
      "issue": 1, 
      "jp2_width": 6364, 
      "section_label": ""
    }, 
    "model": "core.page", 
    "pk": 14
  }, 
  {
    "fields": {
      "created": "2016-05-02T09:35:33", 
      "reel": null, 
      "sequence": 15, 
      "jp2_length": 8720, 
      "number": "", 
      "tiff_filename": "sn83045396/print/1911091701/0015.tif", 
      "jp2_filename": "sn83045396/print/1911091701/0015.jp2", 
      "pdf_filename": "sn83045396/print/1911091701/0015.pdf", 
      "indexed": true, 
      "ocr_filename": "sn83045396/print/1911091701/0015.xml", 
      "issue": 1, 
      "jp2_width": 6516, 
      "section_label": "Second News Section"
    }, 
    "model": "core.page", 
    "pk": 15
  }, 
  {
    "fields": {
      "created": "2016-05-02T09:35:34", 
      "reel": null, 
      "sequence": 16, 
      "jp2_length": 8638, 
      "number": "16", 
      "tiff_filename": "sn83045396/print/1911091701/0016.tif", 
      "jp2_filename": "sn83045396/print/1911091701/0016.jp2", 
      "pdf_filename": "sn83045396/print/1911091701/0016.pdf", 
      "indexed": true, 
      "ocr_filename": "sn83045396/print/1911091701/0016.xml", 
      "issue": 1, 
      "jp2_width": 6348, 
      "section_label": "Second News Section"
    }, 
    "model": "core.page", 
    "pk": 16
  }, 
  {
    "fields": {
      "created": "2016-05-02T09:35:35", 
      "reel": null, 
      "sequence": 17, 
      "jp2_length": 8709, 
      "number": "", 
      "tiff_filename": "sn83045396/print/1911091701/0017.tif", 
      "jp2_filename": "sn83045396/print/1911091701/0017.jp2", 
      "pdf_filename": "sn83045396/print/1911091701/0017.pdf", 
      "indexed": true, 
      "ocr_filename": "sn83045396/print/1911091701/0017.xml", 
      "issue": 1, 
      "jp2_width": 6492, 
      "section_label": "Second News Section"
    }, 
    "model": "core.page", 
    "pk": 17
  }, 
  {
    "fields": {
      "created": "2016-05-02T09:35:35", 
      "reel": null, 
      "sequence": 18, 
      "jp2_length": 8683, 
      "number": "18", 
      "tiff_filename": "sn83045396/print/1911091701/0018.tif", 
      "jp2_filename": "sn83045396/print/1911091701/0018.jp2", 
      "pdf_filename": "sn83045396/print/1911091701/0018.pdf", 
      "indexed": true, 
      "ocr_filename": "sn83045396/print/1911091701/0018.xml", 
      "issue": 1, 
      "jp2_width": 6364, 
      "section_label": "Second News Section"
    }, 
    "model": "core.page", 
    "pk": 18
  }, 
  {
    "fields": {
      "created": "2016-05-02T09:35:36", 
      "reel": null, 
      "sequence": 19, 
      "jp2_length": 8724, 
      "number": "19", 
      "tiff_filename": "sn83045396/print/1911091701/0019.tif", 
      "jp2_filename": "sn83045396/print/1911091701/0019.jp2", 
      "pdf_filename": "sn83045396/print/1911091701/0019.pdf", 
      "indexed": true, 
      "ocr_filename": "sn83045396/print/1911091701/0019.xml", 
      "issue": 1, 
      "jp2_width": 6496, 
      "section_label": "Second News Section"
    }, 
    "model": "core.page", 
    "pk": 19
  }, 
  {
    "fields": {
      "created": "2016-05-02T09:35:37", 
      "reel": null, 
      "sequence": 20, 
      "jp2_length": 8668, 
      "number": "20", 
      "tiff_filename": "sn83045396/print/1911091701/0020.tif", 
      "jp2_filename": "sn83045396/print/1911091701/0020.jp2", 
      "pdf_filename": "sn83045396/print/1911091701/0020.pdf", 
      "indexed": true, 
      "ocr_filename": "sn83045396/print/1911091701/0020.xml", 
      "issue": 1, 
      "jp2_width": 6376, 
      "section_label": "Second News Section"
    }, 
    "model": "core.page", 
    "pk": 20
  }, 
  {
    "fields": {
      "created": "2016-05-02T09:35:38", 
      "reel": null, 
      "sequence": 21, 
      "jp2_length": 8693, 
      "number": "21", 
      "tiff_filename": "sn83045396/print/1911091701/0021.tif", 
      "jp2_filename": "sn83045396/print/1911091701/0021.jp2", 
      "pdf_filename": "sn83045396/print/1911091701/0021.pdf", 
      "indexed": true, 
      "ocr_filename": "sn83045396/print/1911091701/0021.xml", 
      "issue": 1, 
      "jp2_width": 6512, 
      "section_label": "Second News Section"
    }, 
    "model": "core.page", 
    "pk": 21
  }, 
  {
    "fields": {
      "created": "2016-05-02T09:35:38", 
      "reel": null, 
      "sequence": 22, 
      "jp2_length": 8662, 
      "number": "22", 
      "tiff_filename": "sn83045396/print/1911091701/0022.tif", 
      "jp2_filename": "sn83045396/print/1911091701/0022.jp2", 
      "pdf_filename": "sn83045396/print/1911091701/0022.pdf", 
      "indexed": true, 
      "ocr_filename": "sn83045396/print/1911091701/0022.xml", 
      "issue": 1, 
      "jp2_width": 6320, 
      "section_label": "Second News Section"
    }, 
    "model": "core.page", 
    "pk": 22
  }, 
  {
    "fields": {
      "created": "2016-05-02T09:35:39", 
      "reel": null, 
      "sequence": 23, 
      "jp2_length": 8719, 
      "number": "23", 
      "tiff_filename": "sn83045396/print/1911091701/0023.tif", 
      "jp2_filename": "sn83045396/print/1911091701/0023.jp2", 
      "pdf_filename": "sn83045396/print/1911091701/0023.pdf", 
      "indexed": true, 
      "ocr_filename": "sn83045396/print/1911091701/0023.xml", 
      "issue": 1, 
      "jp2_width": 6536, 
      "section_label": "Second News Section"
    }, 
    "model": "core.page", 
    "pk": 23
  }, 
  {
    "fields": {
      "created": "2016-05-02T09:35:39", 
      "reel": null, 
      "sequence": 24, 
      "jp2_length": 8662, 
      "number": "24", 
      "tiff_filename": "sn83045396/print/1911091701/0024.tif", 
      "jp2_filename": "sn83045396/print/1911091701/0024.jp2", 
      "pdf_filename": "sn83045396/print/1911091701/0024.pdf", 
      "indexed": true, 
      "ocr_filename": "sn83045396/print/1911091701/0024.xml", 
      "issue": 1, 
      "jp2_width": 6336, 
      "section_label": "Second News Section"
    }, 
    "model": "core.page", 
    "pk": 24
  }, 
  {
    "fields": {
      "created": "2016-05-02T09:35:40", 
      "reel": null, 
      "sequence": 25, 
      "jp2_length": 8715, 
      "number": "25", 
      "tiff_filename": "sn83045396/print/1911091701/0025.tif", 
      "jp2_filename": "sn83045396/print/1911091701/0025.jp2", 
      "pdf_filename": "sn83045396/print/1911091701/0025.pdf", 
      "indexed": true, 
      "ocr_filename": "sn83045396/print/1911091701/0025.xml", 
      "issue": 1, 
      "jp2_width": 6512, 
      "section_label": "Second News Section"
    }, 
    "model": "core.page", 
    "pk": 25
  }, 
  {
    "fields": {
      "created": "2016-05-02T09:35:42", 
      "reel": null, 
      "sequence": 26, 
      "jp2_length": 8638, 
      "number": "26", 
      "tiff_filename": "sn83045396/print/1911091701/0026.tif", 
      "jp2_filename": "sn83045396/print/1911091701/0026.jp2", 
      "pdf_filename": "sn83045396/print/1911091701/0026.pdf", 
      "indexed": true, 
      "ocr_filename": "sn83045396/print/1911091701/0026.xml", 
      "issue": 1, 
      "jp2_width": 6360, 
      "section_label": "Second News Section"
    }, 
    "model": "core.page", 
    "pk": 26
  }, 
  {
    "fields": {
      "created": "2016-05-02T09:35:44", 
      "reel": null, 
      "sequence": 27, 
      "jp2_length": 8699, 
      "number": "27", 
      "tiff_filename": "sn83045396/print/1911091701/0027.tif", 
      "jp2_filename": "sn83045396/print/1911091701/0027.jp2", 
      "pdf_filename": "sn83045396/print/1911091701/0027.pdf", 
      "indexed": true, 
      "ocr_filename": "sn83045396/print/1911091701/0027.xml", 
      "issue": 1, 
      "jp2_width": 6516, 
      "section_label": "Second News Section"
    }, 
    "model": "core.page", 
    "pk": 27
  }, 
  {
    "fields": {
      "created": "2016-05-02T09:35:45", 
      "reel": null, 
      "sequence": 28, 
      "jp2_length": 8651, 
      "number": "28", 
      "tiff_filename": "sn83045396/print/1911091701/0028.tif", 
      "jp2_filename": "sn83045396/print/1911091701/0028.jp2", 
      "pdf_filename": "sn83045396/print/1911091701/0028.pdf", 
      "indexed": true, 
      "ocr_filename": "sn83045396/print/1911091701/0028.xml", 
      "issue": 1, 
      "jp2_width": 6340, 
      "section_label": "Second News Section"
    }, 
    "model": "core.page", 
    "pk": 28
  }, 
  {
    "fields": {
      "created": "2016-05-02T09:35:45", 
      "reel": null, 
      "sequence": 29, 
      "jp2_length": 8702, 
      "number": "", 
      "tiff_filename": "sn83045396/print/1911091701/0029.tif", 
      "jp2_filename": "sn83045396/print/1911091701/0029.jp2", 
      "pdf_filename": "sn83045396/print/1911091701/0029.pdf", 
      "indexed": true, 
      "ocr_filename": "sn83045396/print/1911091701/0029.xml", 
      "issue": 1, 
      "jp2_width": 6512, 
      "section_label": "COMIC SECTION"
    }, 
    "model": "core.page", 
    "pk": 29
  }, 
  {
    "fields": {
      "created": "2016-05-02T09:35:46", 
      "reel": null, 
      "sequence": 30, 
      "jp2_length": 8636, 
      "number": "", 
      "tiff_filename": "sn83045396/print/1911091701/0030.tif", 
      "jp2_filename": "sn83045396/print/1911091701/0030.jp2", 
      "pdf_filename": "sn83045396/print/1911091701/0030.pdf", 
      "indexed": true, 
      "ocr_filename": "sn83045396/print/1911091701/0030.xml", 
      "issue": 1, 
      "jp2_width": 6400, 
      "section_label": "COMIC SECTION"
    }, 
    "model": "core.page", 
    "pk": 30
  }, 
  {
    "fields": {
      "created": "2016-05-02T09:35:46", 
      "reel": null, 
      "sequence": 31, 
      "jp2_length": 8708, 
      "number": "", 
      "tiff_filename": "sn83045396/print/1911091701/0031.tif", 
      "jp2_filename": "sn83045396/print/1911091701/0031.jp2", 
      "pdf_filename": "sn83045396/print/1911091701/0031.pdf", 
      "indexed": true, 
      "ocr_filename": "sn83045396/print/1911091701/0031.xml", 
      "issue": 1, 
      "jp2_width": 6520, 
      "section_label": "COMIC SECTION"
    }, 
    "model": "core.page", 
    "pk": 31
  }, 
  {
    "fields": {
      "created": "2016-05-02T09:35:46", 
      "reel": null, 
      "sequence": 32, 
      "jp2_length": 8649, 
      "number": "", 
      "tiff_filename": "sn83045396/print/1911091701/0032.tif", 
      "jp2_filename": "sn83045396/print/1911091701/0032.jp2", 
      "pdf_filename": "sn83045396/print/1911091701/0032.pdf", 
      "indexed": true, 
      "ocr_filename": "sn83045396/print/1911091701/0032.xml", 
      "issue": 1, 
      "jp2_width": 6368, 
      "section_label": "COMIC SECTION"
    }, 
    "model": "core.page", 
    "pk": 32
  }, 
  {
    "fields": {
      "created": "2016-05-02T09:35:46", 
      "reel": null, 
      "sequence": 33, 
      "jp2_length": 8684, 
      "number": "", 
      "tiff_filename": "sn83045396/print/1911091701/0033.tif", 
      "jp2_filename": "sn83045396/print/1911091701/0033.jp2", 
      "pdf_filename": "sn83045396/print/1911091701/0033.pdf", 
      "indexed": true, 
      "ocr_filename": "sn83045396/print/1911091701/0033.xml", 
      "issue": 1, 
      "jp2_width": 6484, 
      "section_label": "FASHION SECTION"
    }, 
    "model": "core.page", 
    "pk": 33
  }, 
  {
    "fields": {
      "created": "2016-05-02T09:35:46", 
      "reel": null, 
      "sequence": 34, 
      "jp2_length": 8688, 
      "number": "2", 
      "tiff_filename": "sn83045396/print/1911091701/0034.tif", 
      "jp2_filename": "sn83045396/print/1911091701/0034.jp2", 
      "pdf_filename": "sn83045396/print/1911091701/0034.pdf", 
      "indexed": true, 
      "ocr_filename": "sn83045396/print/1911091701/0034.xml", 
      "issue": 1, 
      "jp2_width": 6352, 
      "section_label": "FASHION SECTION"
    }, 
    "model": "core.page", 
    "pk": 34
  }, 
  {
    "fields": {
      "created": "2016-05-02T09:35:46", 
      "reel": null, 
      "sequence": 35, 
      "jp2_length": 8704, 
      "number": "3", 
      "tiff_filename": "sn83045396/print/1911091701/0035.tif", 
      "jp2_filename": "sn83045396/print/1911091701/0035.jp2", 
      "pdf_filename": "sn83045396/print/1911091701/0035.pdf", 
      "indexed": true, 
      "ocr_filename": "sn83045396/print/1911091701/0035.xml", 
      "issue": 1, 
      "jp2_width": 6496, 
      "section_label": "FASHION SECTION"
    }, 
    "model": "core.page", 
    "pk": 35
  }, 
  {
    "fields": {
      "created": "2016-05-02T09:35:47", 
      "reel": null, 
      "sequence": 36, 
      "jp2_length": 8675, 
      "number": "4", 
      "tiff_filename": "sn83045396/print/1911091701/0036.tif", 
      "jp2_filename": "sn83045396/print/1911091701/0036.jp2", 
      "pdf_filename": "sn83045396/print/1911091701/0036.pdf", 
      "indexed": true, 
      "ocr_filename": "sn83045396/print/1911091701/0036.xml", 
      "issue": 1, 
      "jp2_width": 6340, 
      "section_label": "FASHION SECTION"
    }, 
    "model": "core.page", 
    "pk": 36
  }, 
  {
    "fields": {
      "created": "2016-05-02T09:35:47", 
      "reel": null, 
      "sequence": 37, 
      "jp2_length": 8716, 
      "number": "5", 
      "tiff_filename": "sn83045396/print/1911091701/0037.tif", 
      "jp2_filename": "sn83045396/print/1911091701/0037.jp2", 
      "pdf_filename": "sn83045396/print/1911091701/0037.pdf", 
      "indexed": true, 
      "ocr_filename": "sn83045396/print/1911091701/0037.xml", 
      "issue": 1, 
      "jp2_width": 6508, 
      "section_label": "FASHION SECTION"
    }, 
    "model": "core.page", 
    "pk": 37
  }, 
  {
    "fields": {
      "created": "2016-05-02T09:35:47", 
      "reel": null, 
      "sequence": 38, 
      "jp2_length": 8680, 
      "number": "6", 
      "tiff_filename": "sn83045396/print/1911091701/0038.tif", 
      "jp2_filename": "sn83045396/print/1911091701/0038.jp2", 
      "pdf_filename": "sn83045396/print/1911091701/0038.pdf", 
      "indexed": true, 
      "ocr_filename": "sn83045396/print/1911091701/0038.xml", 
      "issue": 1, 
      "jp2_width": 6364, 
      "section_label": "FASHION SECTION"
    }, 
    "model": "core.page", 
    "pk": 38
  }, 
  {
    "fields": {
      "created": "2016-05-02T09:35:47", 
      "reel": null, 
      "sequence": 39, 
      "jp2_length": 8705, 
      "number": "7", 
      "tiff_filename": "sn83045396/print/1911091701/0039.tif", 
      "jp2_filename": "sn83045396/print/1911091701/0039.jp2", 
      "pdf_filename": "sn83045396/print/1911091701/0039.pdf", 
      "indexed": true, 
      "ocr_filename": "sn83045396/print/1911091701/0039.xml", 
      "issue": 1, 
      "jp2_width": 6484, 
      "section_label": "FASHION SECTION"
    }, 
    "model": "core.page", 
    "pk": 39
  }, 
  {
    "fields": {
      "created": "2016-05-02T09:35:48", 
      "reel": null, 
      "sequence": 40, 
      "jp2_length": 8667, 
      "number": "8", 
      "tiff_filename": "sn83045396/print/1911091701/0040.tif", 
      "jp2_filename": "sn83045396/print/1911091701/0040.jp2", 
      "pdf_filename": "sn83045396/print/1911091701/0040.pdf", 
      "indexed": true, 
      "ocr_filename": "sn83045396/print/1911091701/0040.xml", 
      "issue": 1, 
      "jp2_width": 6388, 
      "section_label": "FASHION SECTION"
    }, 
    "model": "core.page", 
    "pk": 40
  }, 
  {
    "fields": {
      "created": "2016-05-02T09:35:48", 
      "reel": null, 
      "sequence": 41, 
      "jp2_length": 8689, 
      "number": "9", 
      "tiff_filename": "sn83045396/print/1911091701/0041.tif", 
      "jp2_filename": "sn83045396/print/1911091701/0041.jp2", 
      "pdf_filename": "sn83045396/print/1911091701/0041.pdf", 
      "indexed": true, 
      "ocr_filename": "sn83045396/print/1911091701/0041.xml", 
      "issue": 1, 
      "jp2_width": 6480, 
      "section_label": "FASHION SECTION"
    }, 
    "model": "core.page", 
    "pk": 41
  }, 
  {
    "fields": {
      "created": "2016-05-02T09:35:48", 
      "reel": null, 
      "sequence": 42, 
      "jp2_length": 8665, 
      "number": "10", 
      "tiff_filename": "sn83045396/print/1911091701/0042.tif", 
      "jp2_filename": "sn83045396/print/1911091701/0042.jp2", 
      "pdf_filename": "sn83045396/print/1911091701/0042.pdf", 
      "indexed": true, 
      "ocr_filename": "sn83045396/print/1911091701/0042.xml", 
      "issue": 1, 
      "jp2_width": 6336, 
      "section_label": "FASHION SECTION"
    }, 
    "model": "core.page", 
    "pk": 42
  }, 
  {
    "fields": {
      "created": "2016-05-02T09:35:49", 
      "reel": null, 
      "sequence": 43, 
      "jp2_length": 8730, 
      "number": "11", 
      "tiff_filename": "sn83045396/print/1911091701/0043.tif", 
      "jp2_filename": "sn83045396/print/1911091701/0043.jp2", 
      "pdf_filename": "sn83045396/print/1911091701/0043.pdf", 
      "indexed": true, 
      "ocr_filename": "sn83045396/print/1911091701/0043.xml", 
      "issue": 1, 
      "jp2_width": 6484, 
      "section_label": "FASHION SECTION"
    }, 
    "model": "core.page", 
    "pk": 43
  }, 
  {
    "fields": {
      "created": "2016-05-02T09:35:49", 
      "reel": null, 
      "sequence": 44, 
      "jp2_length": 8681, 
      "number": "12", 
      "tiff_filename": "sn83045396/print/1911091701/0044.tif", 
      "jp2_filename": "sn83045396/print/1911091701/0044.jp2", 
      "pdf_filename": "sn83045396/print/1911091701/0044.pdf", 
      "indexed": true, 
      "ocr_filename": "sn83045396/print/1911091701/0044.xml", 
      "issue": 1, 
      "jp2_width": 6376, 
      "section_label": "FASHION SECTION"
    }, 
    "model": "core.page", 
    "pk": 44
  }, 
  {
    "fields": {
      "created": "2016-05-02T09:35:49", 
      "reel": null, 
      "sequence": 45, 
      "jp2_length": 8685, 
      "number": "", 
      "tiff_filename": "sn83045396/print/1911091701/0045.tif", 
      "jp2_filename": "sn83045396/print/1911091701/0045.jp2", 
      "pdf_filename": "sn83045396/print/1911091701/0045.pdf", 
      "indexed": true, 
      "ocr_filename": "sn83045396/print/1911091701/0045.xml", 
      "issue": 1, 
      "jp2_width": 6512, 
      "section_label": "SPORTING SECTION"
    }, 
    "model": "core.page", 
    "pk": 45
  }, 
  {
    "fields": {
      "created": "2016-05-02T09:35:49", 
      "reel": null, 
      "sequence": 46, 
      "jp2_length": 8668, 
      "number": "2", 
      "tiff_filename": "sn83045396/print/1911091701/0046.tif", 
      "jp2_filename": "sn83045396/print/1911091701/0046.jp2", 
      "pdf_filename": "sn83045396/print/1911091701/0046.pdf", 
      "indexed": true, 
      "ocr_filename": "sn83045396/print/1911091701/0046.xml", 
      "issue": 1, 
      "jp2_width": 6340, 
      "section_label": "SPORTING SECTION"
    }, 
    "model": "core.page", 
    "pk": 46
  }, 
  {
    "fields": {
      "created": "2016-05-02T09:35:50", 
      "reel": null, 
      "sequence": 47, 
      "jp2_length": 8695, 
      "number": "3", 
      "tiff_filename": "sn83045396/print/1911091701/0047.tif", 
      "jp2_filename": "sn83045396/print/1911091701/0047.jp2", 
      "pdf_filename": "sn83045396/print/1911091701/0047.pdf", 
      "indexed": true, 
      "ocr_filename": "sn83045396/print/1911091701/0047.xml", 
      "issue": 1, 
      "jp2_width": 6516, 
      "section_label": "SPORTING SECTION"
    }, 
    "model": "core.page", 
    "pk": 47
  }, 
  {
    "fields": {
      "created": "2016-05-02T09:35:51", 
      "reel": null, 
      "sequence": 48, 
      "jp2_length": 8680, 
      "number": "4", 
      "tiff_filename": "sn83045396/print/1911091701/0048.tif", 
      "jp2_filename": "sn83045396/print/1911091701/0048.jp2", 
      "pdf_filename": "sn83045396/print/1911091701/0048.pdf", 
      "indexed": true, 
      "ocr_filename": "sn83045396/print/1911091701/0048.xml", 
      "issue": 1, 
      "jp2_width": 6356, 
      "section_label": "SPORTING SECTION"
    }, 
    "model": "core.page", 
    "pk": 48
  }, 
  {
    "fields": {
      "created": "2016-05-02T09:35:51", 
      "reel": null, 
      "sequence": 49, 
      "jp2_length": 8694, 
      "number": "", 
      "tiff_filename": "sn83045396/print/1911091701/0049.tif", 
      "jp2_filename": "sn83045396/print/1911091701/0049.jp2", 
      "pdf_filename": "sn83045396/print/1911091701/0049.pdf", 
      "indexed": true, 
      "ocr_filename": "sn83045396/print/1911091701/0049.xml", 
      "issue": 1, 
      "jp2_width": 6480, 
      "section_label": "MAGAZINE SECTION"
    }, 
    "model": "core.page", 
    "pk": 49
  }, 
  {
    "fields": {
      "created": "2016-05-02T09:35:51", 
      "reel": null, 
      "sequence": 50, 
      "jp2_length": 8632, 
      "number": "", 
      "tiff_filename": "sn83045396/print/1911091701/0050.tif", 
      "jp2_filename": "sn83045396/print/1911091701/0050.jp2", 
      "pdf_filename": "sn83045396/print/1911091701/0050.pdf", 
      "indexed": true, 
      "ocr_filename": "sn83045396/print/1911091701/0050.xml", 
      "issue": 1, 
      "jp2_width": 6372, 
      "section_label": "MAGAZINE SECTION"
    }, 
    "model": "core.page", 
    "pk": 50
  }, 
  {
    "fields": {
      "created": "2016-05-02T09:35:52", 
      "reel": null, 
      "sequence": 51, 
      "jp2_length": 8679, 
      "number": "3", 
      "tiff_filename": "sn83045396/print/1911091701/0051.tif", 
      "jp2_filename": "sn83045396/print/1911091701/0051.jp2", 
      "pdf_filename": "sn83045396/print/1911091701/0051.pdf", 
      "indexed": true, 
      "ocr_filename": "sn83045396/print/1911091701/0051.xml", 
      "issue": 1, 
      "jp2_width": 6476, 
      "section_label": "MAGAZINE SECTION"
    }, 
    "model": "core.page", 
    "pk": 51
  }, 
  {
    "fields": {
      "created": "2016-05-02T09:35:52", 
      "reel": null, 
      "sequence": 52, 
      "jp2_length": 8670, 
      "number": "4", 
      "tiff_filename": "sn83045396/print/1911091701/0052.tif", 
      "jp2_filename": "sn83045396/print/1911091701/0052.jp2", 
      "pdf_filename": "sn83045396/print/1911091701/0052.pdf", 
      "indexed": true, 
      "ocr_filename": "sn83045396/print/1911091701/0052.xml", 
      "issue": 1, 
      "jp2_width": 6368, 
      "section_label": "MAGAZINE SECTION"
    }, 
    "model": "core.page", 
    "pk": 52
  }, 
  {
    "fields": {
      "created": "2016-05-02T09:35:53", 
      "reel": null, 
      "sequence": 53, 
      "jp2_length": 8702, 
      "number": "5", 
      "tiff_filename": "sn83045396/print/1911091701/0053.tif", 
      "jp2_filename": "sn83045396/print/1911091701/0053.jp2", 
      "pdf_filename": "sn83045396/print/1911091701/0053.pdf", 
      "indexed": true, 
      "ocr_filename": "sn83045396/print/1911091701/0053.xml", 
      "issue": 1, 
      "jp2_width": 6460, 
      "section_label": "MAGAZINE SECTION"
    }, 
    "model": "core.page", 
    "pk": 53
  }, 
  {
    "fields": {
      "created": "2016-05-02T09:35:53", 
      "reel": null, 
      "sequence": 54, 
      "jp2_length": 8666, 
      "number": "6", 
      "tiff_filename": "sn83045396/print/1911091701/0054.tif", 
      "jp2_filename": "sn83045396/print/1911091701/0054.jp2", 
      "pdf_filename": "sn83045396/print/1911091701/0054.pdf", 
      "indexed": true, 
      "ocr_filename": "sn83045396/print/1911091701/0054.xml", 
      "issue": 1, 
      "jp2_width": 6336, 
      "section_label": "MAGAZINE SECTION"
    }, 
    "model": "core.page", 
    "pk": 54
  }, 
  {
    "fields": {
      "created": "2016-05-02T09:35:54", 
      "reel": null, 
      "sequence": 55, 
      "jp2_length": 8706, 
      "number": "7", 
      "tiff_filename": "sn83045396/print/1911091701/0055.tif", 
      "jp2_filename": "sn83045396/print/1911091701/0055.jp2", 
      "pdf_filename": "sn83045396/print/1911091701/0055.pdf", 
      "indexed": true, 
      "ocr_filename": "sn83045396/print/1911091701/0055.xml", 
      "issue": 1, 
      "jp2_width": 6476, 
      "section_label": "MAGAZINE SECTION"
    }, 
    "model": "core.page", 
    "pk": 55
  }, 
  {
    "fields": {
      "created": "2016-05-02T09:35:54", 
      "reel": null, 
      "sequence": 56, 
      "jp2_length": 8674, 
      "number": "8", 
      "tiff_filename": "sn83045396/print/1911091701/0056.tif", 
      "jp2_filename": "sn83045396/print/1911091701/0056.jp2", 
      "pdf_filename": "sn83045396/print/1911091701/0056.pdf", 
      "indexed": true, 
      "ocr_filename": "sn83045396/print/1911091701/0056.xml", 
      "issue": 1, 
      "jp2_width": 6360, 
      "section_label": "MAGAZINE SECTION"
    }, 
    "model": "core.page", 
    "pk": 56
  }, 
  {
    "fields": {
      "page": 1, 
      "created": "2016-05-02T09:35:24"
    }, 
    "model": "core.ocr", 
    "pk": 1
  }, 
  {
    "fields": {
      "page": 2, 
      "created": "2016-05-02T09:35:25"
    }, 
    "model": "core.ocr", 
    "pk": 2
  }, 
  {
    "fields": {
      "page": 3, 
      "created": "2016-05-02T09:35:27"
    }, 
    "model": "core.ocr", 
    "pk": 3
  }, 
  {
    "fields": {
      "page": 4, 
      "created": "2016-05-02T09:35:28"
    }, 
    "model": "core.ocr", 
    "pk": 4
  }, 
  {
    "fields": {
      "page": 5, 
      "created": "2016-05-02T09:35:28"
    }, 
    "model": "core.ocr", 
    "pk": 5
  }, 
  {
    "fields": {
      "page": 6, 
      "created": "2016-05-02T09:35:29"
    }, 
    "model": "core.ocr", 
    "pk": 6
  }, 
  {
    "fields": {
      "page": 7, 
      "created": "2016-05-02T09:35:29"
    }, 
    "model": "core.ocr", 
    "pk": 7
  }, 
  {
    "fields": {
      "page": 8, 
      "created": "2016-05-02T09:35:30"
    }, 
    "model": "core.ocr", 
    "pk": 8
  }, 
  {
    "fields": {
      "page": 9, 
      "created": "2016-05-02T09:35:30"
    }, 
    "model": "core.ocr", 
    "pk": 9
  }, 
  {
    "fields": {
      "page": 10, 
      "created": "2016-05-02T09:35:31"
    }, 
    "model": "core.ocr", 
    "pk": 10
  }, 
  {
    "fields": {
      "page": 11, 
      "created": "2016-05-02T09:35:31"
    }, 
    "model": "core.ocr", 
    "pk": 11
  }, 
  {
    "fields": {
      "page": 12, 
      "created": "2016-05-02T09:35:32"
    }, 
    "model": "core.ocr", 
    "pk": 12
  }, 
  {
    "fields": {
      "page": 13, 
      "created": "2016-05-02T09:35:33"
    }, 
    "model": "core.ocr", 
    "pk": 13
  }, 
  {
    "fields": {
      "page": 14, 
      "created": "2016-05-02T09:35:33"
    }, 
    "model": "core.ocr", 
    "pk": 14
  }, 
  {
    "fields": {
      "page": 15, 
      "created": "2016-05-02T09:35:34"
    }, 
    "model": "core.ocr", 
    "pk": 15
  }, 
  {
    "fields": {
      "page": 16, 
      "created": "2016-05-02T09:35:35"
    }, 
    "model": "core.ocr", 
    "pk": 16
  }, 
  {
    "fields": {
      "page": 17, 
      "created": "2016-05-02T09:35:35"
    }, 
    "model": "core.ocr", 
    "pk": 17
  }, 
  {
    "fields": {
      "page": 18, 
      "created": "2016-05-02T09:35:36"
    }, 
    "model": "core.ocr", 
    "pk": 18
  }, 
  {
    "fields": {
      "page": 19, 
      "created": "2016-05-02T09:35:37"
    }, 
    "model": "core.ocr", 
    "pk": 19
  }, 
  {
    "fields": {
      "page": 20, 
      "created": "2016-05-02T09:35:38"
    }, 
    "model": "core.ocr", 
    "pk": 20
  }, 
  {
    "fields": {
      "page": 21, 
      "created": "2016-05-02T09:35:38"
    }, 
    "model": "core.ocr", 
    "pk": 21
  }, 
  {
    "fields": {
      "page": 22, 
      "created": "2016-05-02T09:35:39"
    }, 
    "model": "core.ocr", 
    "pk": 22
  }, 
  {
    "fields": {
      "page": 23, 
      "created": "2016-05-02T09:35:39"
    }, 
    "model": "core.ocr", 
    "pk": 23
  }, 
  {
    "fields": {
      "page": 24, 
      "created": "2016-05-02T09:35:40"
    }, 
    "model": "core.ocr", 
    "pk": 24
  }, 
  {
    "fields": {
      "page": 25, 
      "created": "2016-05-02T09:35:42"
    }, 
    "model": "core.ocr", 
    "pk": 25
  }, 
  {
    "fields": {
      "page": 26, 
      "created": "2016-05-02T09:35:44"
    }, 
    "model": "core.ocr", 
    "pk": 26
  }, 
  {
    "fields": {
      "page": 27, 
      "created": "2016-05-02T09:35:45"
    }, 
    "model": "core.ocr", 
    "pk": 27
  }, 
  {
    "fields": {
      "page": 28, 
      "created": "2016-05-02T09:35:45"
    }, 
    "model": "core.ocr", 
    "pk": 28
  }, 
  {
    "fields": {
      "page": 29, 
      "created": "2016-05-02T09:35:45"
    }, 
    "model": "core.ocr", 
    "pk": 29
  }, 
  {
    "fields": {
      "page": 30, 
      "created": "2016-05-02T09:35:46"
    }, 
    "model": "core.ocr", 
    "pk": 30
  }, 
  {
    "fields": {
      "page": 31, 
      "created": "2016-05-02T09:35:46"
    }, 
    "model": "core.ocr", 
    "pk": 31
  }, 
  {
    "fields": {
      "page": 32, 
      "created": "2016-05-02T09:35:46"
    }, 
    "model": "core.ocr", 
    "pk": 32
  }, 
  {
    "fields": {
      "page": 33, 
      "created": "2016-05-02T09:35:46"
    }, 
    "model": "core.ocr", 
    "pk": 33
  }, 
  {
    "fields": {
      "page": 34, 
      "created": "2016-05-02T09:35:46"
    }, 
    "model": "core.ocr", 
    "pk": 34
  }, 
  {
    "fields": {
      "page": 35, 
      "created": "2016-05-02T09:35:47"
    }, 
    "model": "core.ocr", 
    "pk": 35
  }, 
  {
    "fields": {
      "page": 36, 
      "created": "2016-05-02T09:35:47"
    }, 
    "model": "core.ocr", 
    "pk": 36
  }, 
  {
    "fields": {
      "page": 37, 
      "created": "2016-05-02T09:35:47"
    }, 
    "model": "core.ocr", 
    "pk": 37
  }, 
  {
    "fields": {
      "page": 38, 
      "created": "2016-05-02T09:35:47"
    }, 
    "model": "core.ocr", 
    "pk": 38
  }, 
  {
    "fields": {
      "page": 39, 
      "created": "2016-05-02T09:35:48"
    }, 
    "model": "core.ocr", 
    "pk": 39
  }, 
  {
    "fields": {
      "page": 40, 
      "created": "2016-05-02T09:35:48"
    }, 
    "model": "core.ocr", 
    "pk": 40
  }, 
  {
    "fields": {
      "page": 41, 
      "created": "2016-05-02T09:35:48"
    }, 
    "model": "core.ocr", 
    "pk": 41
  }, 
  {
    "fields": {
      "page": 42, 
      "created": "2016-05-02T09:35:49"
    }, 
    "model": "core.ocr", 
    "pk": 42
  }, 
  {
    "fields": {
      "page": 43, 
      "created": "2016-05-02T09:35:49"
    }, 
    "model": "core.ocr", 
    "pk": 43
  }, 
  {
    "fields": {
      "page": 44, 
      "created": "2016-05-02T09:35:49"
    }, 
    "model": "core.ocr", 
    "pk": 44
  }, 
  {
    "fields": {
      "page": 45, 
      "created": "2016-05-02T09:35:49"
    }, 
    "model": "core.ocr", 
    "pk": 45
  }, 
  {
    "fields": {
      "page": 46, 
      "created": "2016-05-02T09:35:50"
    }, 
    "model": "core.ocr", 
    "pk": 46
  }, 
  {
    "fields": {
      "page": 47, 
      "created": "2016-05-02T09:35:51"
    }, 
    "model": "core.ocr", 
    "pk": 47
  }, 
  {
    "fields": {
      "page": 48, 
      "created": "2016-05-02T09:35:51"
    }, 
    "model": "core.ocr", 
    "pk": 48
  }, 
  {
    "fields": {
      "page": 49, 
      "created": "2016-05-02T09:35:51"
    }, 
    "model": "core.ocr", 
    "pk": 49
  }, 
  {
    "fields": {
      "page": 50, 
      "created": "2016-05-02T09:35:52"
    }, 
    "model": "core.ocr", 
    "pk": 50
  }, 
  {
    "fields": {
      "page": 51, 
      "created": "2016-05-02T09:35:52"
    }, 
    "model": "core.ocr", 
    "pk": 51
  }, 
  {
    "fields": {
      "page": 52, 
      "created": "2016-05-02T09:35:53"
    }, 
    "model": "core.ocr", 
    "pk": 52
  }, 
  {
    "fields": {
      "page": 53, 
      "created": "2016-05-02T09:35:53"
    }, 
    "model": "core.ocr", 
    "pk": 53
  }, 
  {
    "fields": {
      "page": 54, 
      "created": "2016-05-02T09:35:54"
    }, 
    "model": "core.ocr", 
    "pk": 54
  }, 
  {
    "fields": {
      "page": 55, 
      "created": "2016-05-02T09:35:54"
    }, 
    "model": "core.ocr", 
    "pk": 55
  }, 
  {
    "fields": {
      "page": 56, 
      "created": "2016-05-02T09:35:55"
    }, 
    "model": "core.ocr", 
    "pk": 56
  }, 
  {
    "fields": {
       
      "ocr": 1, 
      "language": "eng"
    }, 
    "model": "core.languagetext", 
    "pk": 1
  }, 
  {
    "fields": {
       
      "ocr": 2, 
      "language": "eng"
    }, 
    "model": "core.languagetext", 
    "pk": 2
  }, 
  {
    "fields": {
       
      "ocr": 3, 
      "language": "eng"
    }, 
    "model": "core.languagetext", 
    "pk": 3
  }, 
  {
    "fields": {
       
      "ocr": 4, 
      "language": "eng"
    }, 
    "model": "core.languagetext", 
    "pk": 4
  }, 
  {
    "fields": {
       
      "ocr": 5, 
      "language": "eng"
    }, 
    "model": "core.languagetext", 
    "pk": 5
  }, 
  {
    "fields": {
       
      "ocr": 6, 
      "language": "eng"
    }, 
    "model": "core.languagetext", 
    "pk": 6
  }, 
  {
    "fields": {
       
      "ocr": 7, 
      "language": "eng"
    }, 
    "model": "core.languagetext", 
    "pk": 7
  }, 
  {
    "fields": {
       
      "ocr": 8, 
      "language": "eng"
    }, 
    "model": "core.languagetext", 
    "pk": 8
  }, 
  {
    "fields": {
       
      "ocr": 9, 
      "language": "eng"
    }, 
    "model": "core.languagetext", 
    "pk": 9
  }, 
  {
    "fields": {
       
      "ocr": 10, 
      "language": "eng"
    }, 
    "model": "core.languagetext", 
    "pk": 10
  }, 
  {
    "fields": {
       
      "ocr": 11, 
      "language": "eng"
    }, 
    "model": "core.languagetext", 
    "pk": 11
  }, 
  {
    "fields": {
       
      "ocr": 12, 
      "language": "eng"
    }, 
    "model": "core.languagetext", 
    "pk": 12
  }, 
  {
    "fields": {
       
      "ocr": 13, 
      "language": "eng"
    }, 
    "model": "core.languagetext", 
    "pk": 13
  }, 
  {
    "fields": {
       
      "ocr": 14, 
      "language": "eng"
    }, 
    "model": "core.languagetext", 
    "pk": 14
  }, 
  {
    "fields": {
       
      "ocr": 15, 
      "language": "eng"
    }, 
    "model": "core.languagetext", 
    "pk": 15
  }, 
  {
    "fields": {
       
      "ocr": 16, 
      "language": "eng"
    }, 
    "model": "core.languagetext", 
    "pk": 16
  }, 
  {
    "fields": {
       
      "ocr": 17, 
      "language": "eng"
    }, 
    "model": "core.languagetext", 
    "pk": 17
  }, 
  {
    "fields": {
       
      "ocr": 18, 
      "language": "eng"
    }, 
    "model": "core.languagetext", 
    "pk": 18
  }, 
  {
    "fields": {
       
      "ocr": 19, 
      "language": "eng"
    }, 
    "model": "core.languagetext", 
    "pk": 19
  }, 
  {
    "fields": {
       
      "ocr": 20, 
      "language": "eng"
    }, 
    "model": "core.languagetext", 
    "pk": 20
  }, 
  {
    "fields": {
       
      "ocr": 21, 
      "language": "eng"
    }, 
    "model": "core.languagetext", 
    "pk": 21
  }, 
  {
    "fields": {
       
      "ocr": 22, 
      "language": "eng"
    }, 
    "model": "core.languagetext", 
    "pk": 22
  }, 
  {
    "fields": {
       
      "ocr": 23, 
      "language": "eng"
    }, 
    "model": "core.languagetext", 
    "pk": 23
  }, 
  {
    "fields": {
       
      "ocr": 24, 
      "language": "eng"
    }, 
    "model": "core.languagetext", 
    "pk": 24
  }, 
  {
    "fields": {
       
      "ocr": 25, 
      "language": "eng"
    }, 
    "model": "core.languagetext", 
    "pk": 25
  }, 
  {
    "fields": {
       
      "ocr": 26, 
      "language": "eng"
    }, 
    "model": "core.languagetext", 
    "pk": 26
  }, 
  {
    "fields": {
       
      "ocr": 27, 
      "language": "eng"
    }, 
    "model": "core.languagetext", 
    "pk": 27
  }, 
  {
    "fields": {
       
      "ocr": 28, 
      "language": "eng"
    }, 
    "model": "core.languagetext", 
    "pk": 28
  }, 
  {
    "fields": {
       
      "ocr": 29, 
      "language": "eng"
    }, 
    "model": "core.languagetext", 
    "pk": 29
  }, 
  {
    "fields": {
       
      "ocr": 30, 
      "language": "eng"
    }, 
    "model": "core.languagetext", 
    "pk": 30
  }, 
  {
    "fields": {
       
      "ocr": 31, 
      "language": "eng"
    }, 
    "model": "core.languagetext", 
    "pk": 31
  }, 
  {
    "fields": {
       
      "ocr": 32, 
      "language": "eng"
    }, 
    "model": "core.languagetext", 
    "pk": 32
  }, 
  {
    "fields": {
       
      "ocr": 33, 
      "language": "eng"
    }, 
    "model": "core.languagetext", 
    "pk": 33
  }, 
  {
    "fields": {
       
      "ocr": 34, 
      "language": "eng"
    }, 
    "model": "core.languagetext", 
    "pk": 34
  }, 
  {
    "fields": {
       
      "ocr": 35, 
      "language": "eng"
    }, 
    "model": "core.languagetext", 
    "pk": 35
  }, 
  {
    "fields": {
       
      "ocr": 36, 
      "language": "eng"
    }, 
    "model": "core.languagetext", 
    "pk": 36
  }, 
  {
    "fields": {
       
      "ocr": 37, 
      "language": "eng"
    }, 
    "model": "core.languagetext", 
    "pk": 37
  }, 
  {
    "fields": {
       
      "ocr": 38, 
      "language": "eng"
    }, 
    "model": "core.languagetext", 
    "pk": 38
  }, 
  {
    "fields": {
       
      "ocr": 39, 
      "language": "eng"
    }, 
    "model": "core.languagetext", 
    "pk": 39
  }, 
  {
    "fields": {
       
      "ocr": 40, 
      "language": "eng"
    }, 
    "model": "core.languagetext", 
    "pk": 40
  }, 
  {
    "fields": {
       
      "ocr": 41, 
      "language": "eng"
    }, 
    "model": "core.languagetext", 
    "pk": 41
  }, 
  {
    "fields": {
       
      "ocr": 42, 
      "language": "eng"
    }, 
    "model": "core.languagetext", 
    "pk": 42
  }, 
  {
    "fields": {
       
      "ocr": 43, 
      "language": "eng"
    }, 
    "model": "core.languagetext", 
    "pk": 43
  }, 
  {
    "fields": {
       
      "ocr": 44, 
      "language": "eng"
    }, 
    "model": "core.languagetext", 
    "pk": 44
  }, 
  {
    "fields": {
       
      "ocr": 45, 
      "language": "eng"
    }, 
    "model": "core.languagetext", 
    "pk": 45
  }, 
  {
    "fields": {
       
      "ocr": 46, 
      "language": "eng"
    }, 
    "model": "core.languagetext", 
    "pk": 46
  }, 
  {
    "fields": {
       
      "ocr": 47, 
      "language": "eng"
    }, 
    "model": "core.languagetext", 
    "pk": 47
  }, 
  {
    "fields": {
       
      "ocr": 48, 
      "language": "eng"
    }, 
    "model": "core.languagetext", 
    "pk": 48
  }, 
  {
    "fields": {
       
      "ocr": 49, 
      "language": "eng"
    }, 
    "model": "core.languagetext", 
    "pk": 49
  }, 
  {
    "fields": {
       
      "ocr": 50, 
      "language": "eng"
    }, 
    "model": "core.languagetext", 
    "pk": 50
  }, 
  {
    "fields": {
       
      "ocr": 51, 
      "language": "eng"
    }, 
    "model": "core.languagetext", 
    "pk": 51
  }, 
  {
    "fields": {
       
      "ocr": 52, 
      "language": "eng"
    }, 
    "model": "core.languagetext", 
    "pk": 52
  }, 
  {
    "fields": {
       
      "ocr": 53, 
      "language": "eng"
    }, 
    "model": "core.languagetext", 
    "pk": 53
  }, 
  {
    "fields": {
       
      "ocr": 54, 
      "language": "eng"
    }, 
    "model": "core.languagetext", 
    "pk": 54
  }, 
  {
    "fields": {
       
      "ocr": 55, 
      "language": "eng"
    }, 
    "model": "core.languagetext", 
    "pk": 55
  }, 
  {
    "fields": {
       
      "ocr": 56, 
      "language": "eng"
    }, 
    "model": "core.languagetext", 
    "pk": 56
  }
]